code,system
C360.00,readv2
C361.11,readv2
C361.00,readv2
C360.11,readv2
C362y00,readv2
C363y00,readv2
C354000,readv2
C354500,readv2
C354111,readv2
C354100,readv2
C352z00,readv2
C362900,readv2
C363000,readv2
C352.00,readv2
C362000,readv2
C368.00,readv2
44I4200,readv2
C36A.00,readv2
C362100,readv2
C363100,readv2
C36z000,readv2
C354z00,readv2
C354900,readv2
C294400,readv2
C36z100,readv2
C366111,readv2
C354200,readv2
44I8100,readv2
44I4100,readv2
C363200,readv2
C363500,readv2
C36..11,readv2
C365.00,readv2
C365z00,readv2
C363z00,readv2
C363.00,readv2
C36z.00,readv2
C36..00,readv2
C36zz00,readv2
C362200,readv2
C365100,readv2
46M2.00,readv2
44L2100,readv2
C367.00,readv2
8B77.00,readv2